www.bbc.com , www.aucegypt.edu
www.bbc.com , www.mohpegypt.com
www.bbc.com , www.spacex.com
www.bbc.com , www.nasa.gov
www.bbc.com , www.youtube.com
www.bbc.com , www.readonline.com
www.bbc.com , www.lifecoaching.com
www.bbc.com , www.google.com
www.bbc.com , www.egybest.com
www.bbc.com , www.academics.com
www.bbc.com , www.helloworld.com
www.bbc.com , www.cplusplus.com
www.bbc.com , www.events.com
www.bbc.com , www.who.int
www.bbc.com , www.udemy.com
www.bbc.com , www.watchit.com
www.bbc.com , www.goal.com
www.bbc.com , www.igcse.com
www.bbc.com , www.coding.com
www.aucegypt.edu , www.nasa.gov
www.aucegypt.edu , www.youtube.com
www.aucegypt.edu , www.spotify.com
www.aucegypt.edu , www.bbc.com
www.aucegypt.edu , www.watchit.com
www.aucegypt.edu , www.coding.com
www.aucegypt.edu , www.helloworld.com
www.aucegypt.edu , www.google.com
www.aucegypt.edu , www.cplusplus.com
www.aucegypt.edu , www.events.com
www.aucegypt.edu , www.who.int
www.aucegypt.edu , www.academics.com
www.aucegypt.edu , www.goal.com
www.aucegypt.edu , www.egybest.com
www.aucegypt.edu , www.udemy.com
www.aucegypt.edu , www.readonline.com
www.aucegypt.edu , www.lifecoaching.com
www.aucegypt.edu , www.igcse.com
www.mohpegypt.com , www.youtube.com
www.mohpegypt.com , www.spacex.com
www.mohpegypt.com , www.shahid.net
www.mohpegypt.com , www.youtube.com/nasa
www.mohpegypt.com , www.nasa.gov
www.mohpegypt.com , www.igcse.com
www.mohpegypt.com , www.who.int
www.mohpegypt.com , www.readonline.com
www.mohpegypt.com , www.udemy.com
www.mohpegypt.com , www.readonline.com
www.mohpegypt.com , www.lifecoaching.com
www.mohpegypt.com , www.egybest.com
www.mohpegypt.com , www.academics.com
www.mohpegypt.com , www.goal.com
www.mohpegypt.com , www.events.com
www.mohpegypt.com , www.helloworld.com
www.spotify.com , www.shahid.net
www.spotify.com , www.youtube.com
www.spotify.com , www.mohpegypt.com
www.spotify.com , www.udemy.com
www.spotify.com , www.egybest.com
www.spotify.com , www.helloworld.com
www.spotify.com , www.academics.com
www.spotify.com , www.who.int
www.spotify.com , www.readonline.com
www.spotify.com , www.events.com
www.spotify.com , www.igcse.com
www.spacex.com , www.aucegypt.edu
www.spacex.com , www.nasa.gov
www.spacex.com , www.youtube.com
www.spacex.com , www.shahid.net
www.spacex.com , www.coding.com
www.spacex.com , www.coolscience.edu
www.spacex.com , www.khanacademy.com
www.spacex.com , www.lifecoaching.com
www.spacex.com , www.udemy.com
www.spacex.com , www.goal.com
www.nasa.gov , www.spacex.com
www.nasa.gov , www.youtube.com/nasa
www.nasa.gov , www.spotify.com
www.nasa.gov , www.prezi.com
www.nasa.gov , www.coolscience.edu
www.nasa.gov , www.anghami.com
www.nasa.gov , www.events.com
www.nasa.gov , www.bing.com
www.nasa.gov , www.khanacademy.com
www.nasa.gov , www.igcse.com
www.nasa.gov , www.anghami.com
www.shahid.net , www.nasa.gov
www.shahid.net , www.youtube.com
www.shahid.net , www.aucegypt.edu
www.shahid.net , www.who.int
www.shahid.net , www.lifecoaching.com
www.shahid.net , www.anghami.com
www.shahid.net , www.khanacademy.com
www.shahid.net , www.events.com
www.shahid.net , www.programming.com
www.shahid.net , www.goal.com
www.shahid.net , www.bing.com
www.shahid.net , www.coolscience.edu
www.youtube.com/nasa , www.youtube.com
www.youtube.com/nasa , www.aucegypt.edu
www.youtube.com/nasa , www.shahid.net
www.youtube.com/nasa , www.spacex.com
www.youtube.com/nasa , www.bbc.com
www.youtube.com/nasa , www.academics.com
www.youtube.com/nasa , www.igcse.com
www.youtube.com/nasa , www.helloworld.com
www.youtube.com/nasa , www.cplusplus.com
www.youtube.com/nasa , www.khanacademy.com
www.youtube.com/nasa , www.coding.com
www.youtube.com/nasa , www.igcse.com
www.youtube.com/nasa , www.watchit.com
www.youtube.com/nasa , www.egybest.com
www.youtube.com/nasa , www.goal.com
www.youtube.com/nasa , www.prezi.com
www.youtube.com/nasa , www.google.com
www.youtube.com , www.shahid.net
www.youtube.com , www.spotify.com
www.youtube.com , www.youtube.com/nasa
www.youtube.com , www.nasa.gov
www.youtube.com , www.mohpegypt.com
www.youtube.com , www.anghami.com
www.youtube.com , www.programming.com
www.youtube.com , www.onlineshop.com
www.youtube.com , www.lifecoaching.com
www.youtube.com , www.egybest.com
www.youtube.com , www.cplusplus.com
www.youtube.com , www.igcse.com
www.academics.com , www.bbc.com
www.academics.com , www.mohpegypt.com
www.academics.com , www.spacex.com
www.academics.com , www.nasa.gov
www.academics.com , www.shahid.net
www.academics.com , www.youtube.com/nasa
www.academics.com , www.youtube.com
www.academics.com , www.helloworld.com
www.academics.com , www.cplusplus.com
www.academics.com , www.khanacademy.com
www.helloworld.com , www.readonline.com
www.helloworld.com , www.prezi.com
www.helloworld.com , www.egybest.com
www.helloworld.com , www.udemy.com
www.helloworld.com , www.events.com
www.helloworld.com , www.goal.com
www.helloworld.com , www.watchit.com
www.helloworld.com , www.bing.com
www.helloworld.com , www.spotify.com
www.helloworld.com , www.aucegypt.edu
www.helloworld.com , www.academics.com
www.anghami.com , www.igcse.com
www.anghami.com , www.programming.com
www.anghami.com , www.readonline.com
www.anghami.com , www.coolscience.edu
www.anghami.com , www.bbc.com
www.anghami.com , www.coding.com
www.anghami.com , www.academics.com
www.anghami.com , www.mohpegypt.com
www.anghami.com , www.spotify.com
www.anghami.com , www.egybest.com
www.anghami.com , www.lifecoaching.com
www.anghami.com , www.goal.com
www.anghami.com , www.shahid.net
www.prezi.com , www.coolscience.edu
www.prezi.com , www.google.com
www.prezi.com , www.bing.com
www.prezi.com , www.igcse.com
www.prezi.com , www.events.com
www.prezi.com , www.readonline.com
www.prezi.com , www.goal.com
www.prezi.com , www.nasa.gov
www.prezi.com , www.aucegypt.edu
www.prezi.com , www.spacex.com
www.prezi.com , www.helloworld.com
www.prezi.com , www.anghami.com
www.prezi.com , www.youtube.com/nasa
www.watchit.com , www.who.int
www.watchit.com , www.shahid.net
www.watchit.com , www.prezi.com
www.watchit.com , www.mohpegypt.com
www.watchit.com , www.spotify.com
www.watchit.com , www.egybest.com
www.watchit.com , www.lifecoaching.com
www.watchit.com , www.goal.com
www.watchit.com , www.helloworld.com
www.watchit.com , www.bbc.com
www.watchit.com , www.aucegypt.edu
www.watchit.com , www.anghami.com
www.watchit.com , www.google.com
www.watchit.com , www.coolscience.edu
www.watchit.com , www.onlineshop.com
www.watchit.com , www.igcse.com
www.watchit.com , www.events.com
www.watchit.com , www.udemy.com
www.watchit.com , www.bing.com
www.watchit.com , www.youtube.com/nasa
www.watchit.com , www.spacex.com
www.who.int , www.onlineshop.com
www.who.int , www.igcse.com
www.who.int , www.egybest.com
www.who.int , www.coolscience.edu
www.who.int , www.udemy.com
www.who.int , www.programming.com
www.who.int , www.lifecoaching.com
www.who.int , www.events.com
www.who.int , www.readonline.com
www.who.int , www.goal.com
www.who.int , www.helloworld.com
www.who.int , www.spacex.com
www.who.int , www.youtube.com/nasa
www.who.int , www.shahid.net
www.who.int , www.bbc.com
www.google.com , www.cplusplus.com
www.google.com , www.khanacademy.com
www.google.com , www.igcse.com 
www.google.com , www.egybest.com 
www.google.com , www.coolscience.edu 
www.google.com , www.udemy.com 
www.google.com , www.programming.com 
www.google.com , www.lifecoaching.com 
www.google.com , www.onlineshop.com 
www.google.com , www.goal.com 
www.google.com , www.aucegypt.edu 
www.google.com , www.anghami.com 
www.bing.com , www.spotify.com 
www.bing.com , www.bbc.com 
www.bing.com , www.events.com 
www.bing.com , www.coolscience.edu 
www.bing.com , www.youtube.com/nasa 
www.bing.com , www.igcse.com 
www.bing.com , www.mohpegypt.com 
www.bing.com , www.spacex.com 
www.bing.com , www.khanacademy.com 
www.bing.com , www.nasa.gov 
www.bing.com , www.who.int 
www.coding.com , www.cplusplus.com 
www.coding.com , www.igcse.com 
www.coding.com , www.coolscience.edu 
www.coding.com , www.udemy.com 
www.coding.com , www.programming.com 
www.coding.com , www.google.com 
www.coding.com , www.bing.com 
www.coding.com , www.academics.com 
www.cplusplus.com , www.bbc.com
www.cplusplus.com , www.khanacademy.com
www.cplusplus.com , www.igcse.com
www.cplusplus.com , www.egybest.com
www.cplusplus.com , www.programming.com
www.cplusplus.com , www.lifecoaching.com
www.cplusplus.com , www.events.com
www.cplusplus.com , www.onlineshop.com
www.cplusplus.com , www.mohpegypt.com
www.cplusplus.com , www.spotify.com
www.cplusplus.com , www.shahid.net
www.cplusplus.com , www.watchit.com
www.cplusplus.com , www.academics.com
www.cplusplus.com , www.khanacademy.com
www.cplusplus.com , www.google.com
www.cplusplus.com , www.udemy.com
www.cplusplus.com , www.youtube.com/nasa
www.cplusplus.com , www.readonline.com
www.cplusplus.com , www.aucegypt.edu
www.cplusplus.com , www.helloworld.com
www.cplusplus.com , www.nasa.gov
www.khanacademy.com , www.who.int
www.khanacademy.com , www.bing.com
www.khanacademy.com , www.khanacademy.com
www.khanacademy.com , www.egybest.com
www.khanacademy.com , www.onlineshop.com
www.khanacademy.com , www.lifecoaching.com
www.khanacademy.com , www.mohpegypt.com
www.khanacademy.com , www.goal.com
www.khanacademy.com , www.spotify.com
www.khanacademy.com , www.nasa.gov
www.khanacademy.com , www.udemy.com
www.khanacademy.com , www.events.com
www.khanacademy.com , www.lifecoaching.com
www.khanacademy.com , www.goal.com
www.igcse.com , www.bbc.com
www.igcse.com , www.aucegypt.edu
www.igcse.com , www.spotify.com
www.igcse.com , www.spacex.com
www.igcse.com , www.cplusplus.com
www.igcse.com , www.udemy.com
www.igcse.com , www.programming.com
www.igcse.com , www.readonline.com
www.igcse.com , www.events.com
www.igcse.com , www.goal.com
www.igcse.com , www.academics.com
www.igcse.com , www.youtube.com
www.igcse.com , www.google.com
www.igcse.com , www.khanacademy.com
www.igcse.com , www.coolscience.edu
www.igcse.com , www.udemy.com
www.egybest.com , www.prezi.com
www.egybest.com , www.watchit.com
www.egybest.com , www.youtube.com
www.egybest.com , www.khanacademy.com
www.egybest.com , www.coolscience.edu
www.egybest.com , www.readonline.com
www.egybest.com , www.shahid.net
www.egybest.com , www.mohpegypt.com
www.egybest.com , www.academics.com
www.egybest.com , www.who.int
www.egybest.com , www.udemy.com
www.egybest.com , www.cplusplus.com
www.egybest.com , www.lifecoaching.com
www.egybest.com , www.events.com
www.egybest.com , www.goal.com
www.egybest.com , www.readonline.com
www.egybest.com , www.spacex.com
www.coolscience.edu , www.khanacademy.com
www.coolscience.edu , www.who.int
www.coolscience.edu , www.youtube.com
www.coolscience.edu , www.nasa.gov
www.coolscience.edu , www.bbc.com
www.coolscience.edu , www.coding.com
www.coolscience.edu , www.shahid.net
www.coolscience.edu , www.bing.com
www.coolscience.edu , www.prezi.com
www.coolscience.edu , www.coolscience.edu
www.coolscience.edu , www.events.com
www.coolscience.edu , www.programming.com
www.coolscience.edu , www.onlineshop.com
www.coolscience.edu , www.watchit.com
www.coolscience.edu , www.readonline.com
www.coolscience.edu , www.udemy.com
www.coolscience.edu , www.spacex.com
www.coolscience.edu , www.aucegypt.edu
www.udemy.com , www.youtube.com/nasa
www.udemy.com , www.mohpegypt.com
www.udemy.com , www.academics.com
www.udemy.com , www.anghami.com
www.udemy.com , www.lifecoaching.com
www.udemy.com , www.coding.com
www.udemy.com , www.bing.com
www.udemy.com , www.spacex.com
www.udemy.com , www.google.com
www.udemy.com , www.khanacademy.com
www.udemy.com , www.events.com
www.udemy.com , www.readonline.com
www.udemy.com , www.egybest.com
www.udemy.com , www.onlineshop.com
www.udemy.com , www.nasa.gov
www.udemy.com , www.helloworld.com
www.udemy.com , www.shahid.net
www.udemy.com , www.programming.com
www.udemy.com , www.coolscience.edu
www.udemy.com , www.khanacademy.com
www.udemy.com , www.goal.com
www.programming.com , www.readonline.com
www.programming.com , www.academics.com
www.programming.com , www.nasa.gov
www.programming.com , www.goal.com
www.programming.com , www.lifecoaching.com
www.programming.com , www.aucegypt.edu
www.programming.com , www.spacex.com
www.programming.com , www.prezi.com
www.programming.com , www.coding.com
www.programming.com , www.cplusplus.com
www.programming.com , www.who.int
www.programming.com , www.spotify.com
www.programming.com , www.events.com
www.programming.com , www.helloworld.com
www.programming.com , www.google.com
www.programming.com , www.shahid.net
www.programming.com , www.youtube.com/nasa
www.lifecoaching.com , www.helloworld.com
www.lifecoaching.com , www.prezi.com
www.lifecoaching.com , www.youtube.com
www.lifecoaching.com , www.programming.com
www.lifecoaching.com , www.who.int
www.lifecoaching.com , www.igcse.com
www.lifecoaching.com , www.anghami.com
www.lifecoaching.com , www.cplusplus.com
www.lifecoaching.com , www.bbc.com
www.lifecoaching.com , www.youtube.com
www.lifecoaching.com , www.onlineshop.com
www.lifecoaching.com , www.spacex.com
www.lifecoaching.com , www.events.com
www.lifecoaching.com , www.readonline.com
www.lifecoaching.com , www.khanacademy.com
www.lifecoaching.com , www.goal.com
www.events.com , www.igcse.com
www.events.com , www.prezi.com
www.events.com , www.lifecoaching.com
www.events.com , www.onlineshop.com
www.events.com , www.bing.com
www.events.com , www.youtube.com/nasa
www.events.com , www.google.com
www.events.com , www.academics.com
www.events.com , www.spacex.com
www.events.com , www.coding.com
www.events.com , www.who.int
www.events.com , www.bbc.com
www.events.com , www.cplusplus.com
www.events.com , www.nasa.gov
www.events.com , www.programming.com
www.events.com , www.goal.com
www.onlineshop.com , www.spacex.com
www.onlineshop.com , www.khanacademy.com
www.onlineshop.com , www.prezi.com
www.onlineshop.com , www.bbc.com
www.onlineshop.com , www.watchit.com
www.onlineshop.com , www.academics.com
www.onlineshop.com , www.cplusplus.com
www.onlineshop.com , www.helloworld.com
www.onlineshop.com , www.events.com
www.onlineshop.com , www.goal.com
www.onlineshop.com , www.aucegypt.edu
www.onlineshop.com , www.nasa.gov
www.onlineshop.com , www.anghami.com
www.readonline.com , www.google.com
www.readonline.com , www.khanacademy.com
www.readonline.com , www.academics.com
www.readonline.com , www.coding.com
www.readonline.com , www.mohpegypt.com
www.readonline.com , www.nasa.gov
www.readonline.com , www.anghami.com
www.readonline.com , www.spacex.com
www.readonline.com , www.watchit.com
www.readonline.com , www.aucegypt.edu
www.readonline.com , www.egybest.com
www.readonline.com , www.lifecoaching.com
www.readonline.com , www.udemy.com
www.readonline.com , www.onlineshop.com
www.readonline.com , www.goal.com
www.goal.com , www.bbc.com
www.goal.com , www.youtube.com/nasa
www.goal.com , www.spotify.com
www.goal.com , www.bing.com
www.goal.com , www.mohpegypt.com
www.goal.com , www.cplusplus.com
www.goal.com , www.shahid.net
www.goal.com , www.anghami.com
www.goal.com , www.helloworld.com
www.goal.com , www.youtube.com
www.goal.com , www.who.int
www.goal.com , www.prezi.com
www.goal.com , www.coolscience.edu
www.goal.com , www.lifecoaching.com
www.goal.com , www.igcse.com
www.goal.com , www.readonline.com
www.goal.com , www.events.com
www.goal.com , www.programming.com